{
  "cities": [
    {"name": "Beijing", "admin": "AD01"}, {"name": "Shanghai", "admin": "AD02"}, {"name": "Guangzhou", "admin": "AD03"}, {"name": "Shenzhen", "admin": "AD04"},
    {"name": "Tianjin", "admin": "AD05"}, {"name": "Chongqing", "admin": "AD06"}, {"name": "Hangzhou", "admin": "AD07"}, {"name": "Nanjing", "admin": "AD08"},
    {"name": "Chengdu", "admin": "AD09"}, {"name": "Wuhan", "admin": "AD10"}, {"name": "Xian", "admin": "AD11"}, {"name": "Zhengzhou", "admin": "AD12"},
    {"name": "Changsha", "admin": "AD13"}, {"name": "Shenyang", "admin": "AD14"}, {"name": "Harbin", "admin": "AD15"}, {"name": "Changchun", "admin": "AD16"},
    {"name": "Shijiazhuang", "admin": "AD17"}, {"name": "Taiyuan", "admin": "AD18"}, {"name": "Hohhot", "admin": "AD19"}, {"name": "Jinan", "admin": "AD20"},
    {"name": "Qingdao", "admin": "AD21"}, {"name": "Hefei", "admin": "AD22"}, {"name": "Fuzhou", "admin": "AD23"}, {"name": "Xiamen", "admin": "AD24"},
    {"name": "Nanchang", "admin": "AD25"}, {"name": "Nanning", "admin": "AD26"}, {"name": "Haikou", "admin": "AD27"}, {"name": "Sanya", "admin": "AD28"},
    {"name": "Guiyang", "admin": "AD29"}, {"name": "Kunming", "admin": "AD30"}, {"name": "Lhasa", "admin": "AD31"}, {"name": "Lanzhou", "admin": "AD32"},
    {"name": "Xining", "admin": "AD33"}, {"name": "Yinchuan", "admin": "AD34"}, {"name": "Urumqi", "admin": "AD35"}, {"name": "Dalian", "admin": "AD36"},
    {"name": "Ningbo", "admin": "AD37"}, {"name": "Suzhou", "admin": "AD38"}, {"name": "Wuxi", "admin": "AD39"}, {"name": "HongKong", "admin": "AD40"},
    {"name": "Macao", "admin": "AD41"}, {"name": "Taipei", "admin": "AD42"}, {"name": "Yantai", "admin": "AD43"}, {"name": "Wenzhou", "admin": "AD44"},
    {"name": "Quanzhou", "admin": "AD45"}, {"name": "Zhuhai", "admin": "AD46"}, {"name": "Kashi", "admin": "AD47"}, {"name": "Guilin", "admin": "AD48"},
    {"name": "Luoyang", "admin": "AD49"}, {"name": "Xuzhou", "admin": "AD50"}, {"name": "Yanji", "admin": "AD51"}
  ],
  "routes": [
    {"from": "Beijing", "to": "Shanghai", "transport": "train", "depart_time": "2026-01-01 09:00:00", "arrive_time": "2026-01-01 13:18:00", "cost": 662, "number": "G17", "duration": 258, "status": "active"},
    {"from": "Beijing", "to": "Guangzhou", "transport": "train", "depart_time": "2026-01-01 07:30:00", "arrive_time": "2026-01-01 15:10:00", "cost": 963, "number": "G77", "duration": 460, "status": "active"},
    {"from": "Beijing", "to": "Xian", "transport": "train", "depart_time": "2026-01-01 08:30:00", "arrive_time": "2026-01-01 12:45:00", "cost": 515, "number": "G651", "duration": 255, "status": "active"},
    {"from": "Beijing", "to": "Harbin", "transport": "train", "depart_time": "2026-01-01 10:00:00", "arrive_time": "2026-01-01 14:50:00", "cost": 550, "number": "G901", "duration": 290, "status": "active"},
    {"from": "Beijing", "to": "Chengdu", "transport": "flight", "depart_time": "2026-01-01 11:30:00", "arrive_time": "2026-01-01 14:45:00", "cost": 1650, "number": "CA4116", "duration": 195, "status": "active"},
    {"from": "Beijing", "to": "Kunming", "transport": "flight", "depart_time": "2026-01-01 08:00:00", "arrive_time": "2026-01-01 11:40:00", "cost": 2100, "number": "MU5712", "duration": 220, "status": "active"},
    {"from": "Beijing", "to": "Urumqi", "transport": "flight", "depart_time": "2026-01-01 07:15:00", "arrive_time": "2026-01-01 11:20:00", "cost": 2450, "number": "HU7245", "duration": 245, "status": "active"},
    {"from": "Shanghai", "to": "Nanjing", "transport": "train", "depart_time": "2026-01-01 08:00:00", "arrive_time": "2026-01-01 09:00:00", "cost": 140, "number": "G7002", "duration": 60, "status": "active"},
    {"from": "Shanghai", "to": "Hangzhou", "transport": "train", "depart_time": "2026-01-01 14:00:00", "arrive_time": "2026-01-01 14:45:00", "cost": 73, "number": "G7315", "duration": 45, "status": "active"},
    {"from": "Shanghai", "to": "Wuhan", "transport": "train", "depart_time": "2026-01-01 09:30:00", "arrive_time": "2026-01-01 13:20:00", "cost": 335, "number": "G598", "duration": 230, "status": "active"},
    {"from": "Shanghai", "to": "Xiamen", "transport": "train", "depart_time": "2026-01-01 10:15:00", "arrive_time": "2026-01-01 15:30:00", "cost": 450, "number": "G1653", "duration": 315, "status": "active"},
    {"from": "Shanghai", "to": "Chongqing", "transport": "flight", "depart_time": "2026-01-01 13:00:00", "arrive_time": "2026-01-01 16:15:00", "cost": 1420, "number": "CA4542", "duration": 195, "status": "active"},
    {"from": "Shanghai", "to": "Lhasa", "transport": "flight", "depart_time": "2026-01-01 06:45:00", "arrive_time": "2026-01-01 12:30:00", "cost": 2980, "number": "TV9882", "duration": 345, "status": "active"},
    {"from": "Guangzhou", "to": "Shenzhen", "transport": "train", "depart_time": "2026-01-01 10:00:00", "arrive_time": "2026-01-01 10:30:00", "cost": 74, "number": "G6201", "duration": 30, "status": "active"},
    {"from": "Guangzhou", "to": "HongKong", "transport": "train", "depart_time": "2026-01-01 11:30:00", "arrive_time": "2026-01-01 12:18:00", "cost": 215, "number": "G6581", "duration": 48, "status": "active"},
    {"from": "Guangzhou", "to": "Guiyang", "transport": "train", "depart_time": "2026-01-01 08:45:00", "arrive_time": "2026-01-01 13:10:00", "cost": 323, "number": "D212", "duration": 265, "status": "active"},
    {"from": "Guangzhou", "to": "Nanning", "transport": "train", "depart_time": "2026-01-01 14:00:00", "arrive_time": "2026-01-01 16:45:00", "cost": 169, "number": "D204", "duration": 165, "status": "active"},
    {"from": "Guangzhou", "to": "Sanya", "transport": "flight", "depart_time": "2026-01-01 19:00:00", "arrive_time": "2026-01-01 20:35:00", "cost": 950, "number": "CZ6732", "duration": 95, "status": "active"},
    {"from": "Shenzhen", "to": "Xiamen", "transport": "train", "depart_time": "2026-01-01 09:20:00", "arrive_time": "2026-01-01 12:45:00", "cost": 230, "number": "D2334", "duration": 205, "status": "active"},
    {"from": "Shenzhen", "to": "Changsha", "transport": "train", "depart_time": "2026-01-01 13:00:00", "arrive_time": "2026-01-01 16:20:00", "cost": 494, "number": "G6002", "duration": 200, "status": "active"},
    {"from": "Hangzhou", "to": "Ningbo", "transport": "train", "depart_time": "2026-01-01 17:00:00", "arrive_time": "2026-01-01 17:55:00", "cost": 71, "number": "G7512", "duration": 55, "status": "active"},
    {"from": "Hangzhou", "to": "Fuzhou", "transport": "train", "depart_time": "2026-01-01 14:30:00", "arrive_time": "2026-01-01 17:45:00", "cost": 280, "number": "G1635", "duration": 195, "status": "active"},
    {"from": "Nanjing", "to": "Hefei", "transport": "train", "depart_time": "2026-01-01 18:00:00", "arrive_time": "2026-01-01 18:55:00", "cost": 60, "number": "G7161", "duration": 55, "status": "active"},
    {"from": "Chengdu", "to": "Chongqing", "transport": "train", "depart_time": "2026-01-01 19:30:00", "arrive_time": "2026-01-01 20:32:00", "cost": 154, "number": "G8501", "duration": 62, "status": "active"},
    {"from": "Chengdu", "to": "Xian", "transport": "train", "depart_time": "2026-01-01 12:00:00", "arrive_time": "2026-01-01 15:15:00", "cost": 263, "number": "D1925", "duration": 195, "status": "active"},
    {"from": "Chengdu", "to": "Kunming", "transport": "train", "depart_time": "2026-01-01 08:30:00", "arrive_time": "2026-01-01 15:40:00", "cost": 480, "number": "G2821", "duration": 430, "status": "active"},
    {"from": "Wuhan", "to": "Changsha", "transport": "train", "depart_time": "2026-01-01 15:00:00", "arrive_time": "2026-01-01 16:18:00", "cost": 164, "number": "G81", "duration": 78, "status": "active"},
    {"from": "Wuhan", "to": "Zhengzhou", "transport": "train", "depart_time": "2026-01-01 17:30:00", "arrive_time": "2026-01-01 19:15:00", "cost": 244, "number": "G72", "duration": 105, "status": "active"},
    {"from": "Xian", "to": "Lanzhou", "transport": "train", "depart_time": "2026-01-02 09:00:00", "arrive_time": "2026-01-02 11:55:00", "cost": 175, "number": "G1913", "duration": 175, "status": "active"},
    {"from": "Lanzhou", "to": "Xining", "transport": "train", "depart_time": "2026-01-02 13:00:00", "arrive_time": "2026-01-02 14:15:00", "cost": 58, "number": "D2701", "duration": 75, "status": "active"},
    {"from": "Lanzhou", "to": "Urumqi", "transport": "train", "depart_time": "2026-01-02 15:00:00", "arrive_time": "2026-01-03 01:20:00", "cost": 551, "number": "D2711", "duration": 620, "status": "active"},
    {"from": "Urumqi", "to": "Kashi", "transport": "flight", "depart_time": "2026-01-03 09:00:00", "arrive_time": "2026-01-03 10:45:00", "cost": 880, "number": "CZ6801", "duration": 105, "status": "active"},
    {"from": "Kunming", "to": "Lhasa", "transport": "flight", "depart_time": "2026-01-02 08:30:00", "arrive_time": "2026-01-02 11:10:00", "cost": 1820, "number": "MU5939", "duration": 160, "status": "active"},
    {"from": "Guiyang", "to": "Kunming", "transport": "train", "depart_time": "2026-01-02 14:00:00", "arrive_time": "2026-01-02 16:10:00", "cost": 212, "number": "G2841", "duration": 130, "status": "active"},
    {"from": "Harbin", "to": "Changchun", "transport": "train", "depart_time": "2026-01-02 08:00:00", "arrive_time": "2026-01-02 09:05:00", "cost": 109, "number": "G702", "duration": 65, "status": "active"},
    {"from": "Changchun", "to": "Shenyang", "transport": "train", "depart_time": "2026-01-02 10:00:00", "arrive_time": "2026-01-02 11:20:00", "cost": 145, "number": "G704", "duration": 80, "status": "active"},
    {"from": "Shenyang", "to": "Dalian", "transport": "train", "depart_time": "2026-01-02 13:00:00", "arrive_time": "2026-01-02 14:45:00", "cost": 181, "number": "G8016", "duration": 105, "status": "active"},
    {"from": "Harbin", "to": "Yanji", "transport": "train", "depart_time": "2026-01-02 07:15:00", "arrive_time": "2026-01-02 11:30:00", "cost": 220, "number": "D112", "duration": 255, "status": "active"},
    {"from": "Jinan", "to": "Qingdao", "transport": "train", "depart_time": "2026-01-02 10:30:00", "arrive_time": "2026-01-02 12:15:00", "cost": 121, "number": "G6911", "duration": 105, "status": "active"},
    {"from": "Jinan", "to": "Yantai", "transport": "train", "depart_time": "2026-01-02 14:00:00", "arrive_time": "2026-01-02 15:45:00", "cost": 160, "number": "D6051", "duration": 105, "status": "active"},
    {"from": "Shijiazhuang", "to": "Taiyuan", "transport": "train", "depart_time": "2026-01-02 09:00:00", "arrive_time": "2026-01-02 10:15:00", "cost": 75, "number": "G601", "duration": 75, "status": "active"},
    {"from": "Taiyuan", "to": "Hohhot", "transport": "train", "depart_time": "2026-01-02 11:30:00", "arrive_time": "2026-01-02 14:05:00", "cost": 150, "number": "D2782", "duration": 155, "status": "active"},
    {"from": "Hohhot", "to": "Yinchuan", "transport": "train", "depart_time": "2026-01-02 15:00:00", "arrive_time": "2026-01-02 18:30:00", "cost": 190, "number": "G2481", "duration": 210, "status": "active"},
    {"from": "Nanchang", "to": "Changsha", "transport": "train", "depart_time": "2026-01-02 09:30:00", "arrive_time": "2026-01-02 10:55:00", "cost": 157, "number": "G1481", "duration": 85, "status": "active"},
    {"from": "Fuzhou", "to": "Quanzhou", "transport": "train", "depart_time": "2026-01-02 13:00:00", "arrive_time": "2026-01-02 14:15:00", "cost": 80, "number": "G1601", "duration": 75, "status": "active"},
    {"from": "Xiamen", "to": "Quanzhou", "transport": "train", "depart_time": "2026-01-02 15:00:00", "arrive_time": "2026-01-02 15:30:00", "cost": 45, "number": "D2302", "duration": 30, "status": "active"},
    {"from": "Guangzhou", "to": "Guilin", "transport": "train", "depart_time": "2026-01-02 10:00:00", "arrive_time": "2026-01-02 12:45:00", "cost": 137, "number": "D2962", "duration": 165, "status": "active"},
    {"from": "Zhuhai", "to": "Guangzhou", "transport": "train", "depart_time": "2026-01-03 14:00:00", "arrive_time": "2026-01-03 15:00:00", "cost": 70, "number": "C7602", "duration": 60, "status": "active"},
    {"from": "Macao", "to": "Zhuhai", "transport": "train", "depart_time": "2026-01-03 13:00:00", "arrive_time": "2026-01-03 13:15:00", "cost": 10, "number": "WALK_01", "duration": 15, "status": "active"},
    {"from": "Taipei", "to": "HongKong", "transport": "flight", "depart_time": "2026-01-03 16:00:00", "arrive_time": "2026-01-03 17:55:00", "cost": 1250, "number": "CX401", "duration": 115, "status": "active"},
    {"from": "HongKong", "to": "Shanghai", "transport": "flight", "depart_time": "2026-01-03 19:30:00", "arrive_time": "2026-01-03 21:55:00", "cost": 1400, "number": "MU508", "duration": 145, "status": "active"},
    {"from": "Sanya", "to": "Beijing", "transport": "flight", "depart_time": "2026-01-03 21:00:00", "arrive_time": "2026-01-04 01:15:00", "cost": 3200, "number": "HU7281", "duration": 255, "status": "active"},
    {"from": "Harbin", "to": "Shanghai", "transport": "train", "depart_time": "2026-01-01 05:00:00", "arrive_time": "2026-01-02 05:00:00", "cost": 350, "number": "Z174", "duration": 1440, "status": "active"},
    {"from": "Shanghai", "to": "Beijing", "transport": "train", "depart_time": "2026-01-03 14:00:00", "arrive_time": "2026-01-03 18:18:00", "cost": 662, "number": "G2", "duration": 258, "status": "active"},
    {"from": "Guangzhou", "to": "Beijing", "transport": "flight", "depart_time": "2026-01-03 18:30:00", "arrive_time": "2026-01-03 21:45:00", "cost": 2100, "number": "CZ3101", "duration": 195, "status": "active"},
    {"from": "Shenzhen", "to": "Shanghai", "transport": "flight", "depart_time": "2026-01-03 15:00:00", "arrive_time": "2026-01-03 17:25:00", "cost": 1550, "number": "MU5302", "duration": 145, "status": "active"},
    {"from": "Chengdu", "to": "Beijing", "transport": "flight", "depart_time": "2026-01-03 16:00:00", "arrive_time": "2026-01-03 19:15:00", "cost": 1780, "number": "CA4105", "duration": 195, "status": "active"},
    {"from": "Kunming", "to": "Shanghai", "transport": "flight", "depart_time": "2026-01-03 14:30:00", "arrive_time": "2026-01-03 17:45:00", "cost": 1850, "number": "MU5811", "duration": 195, "status": "active"},
    {"from": "Xian", "to": "Beijing", "transport": "train", "depart_time": "2026-01-03 15:00:00", "arrive_time": "2026-01-03 19:30:00", "cost": 515, "number": "G668", "duration": 270, "status": "active"},
    {"from": "Wuhan", "to": "Shanghai", "transport": "train", "depart_time": "2026-01-03 16:00:00", "arrive_time": "2026-01-03 20:15:00", "cost": 335, "number": "G600", "duration": 255, "status": "active"},
    {"from": "Haikou", "to": "Guangzhou", "transport": "flight", "depart_time": "2026-01-03 20:00:00", "arrive_time": "2026-01-03 21:15:00", "cost": 1100, "number": "CZ6778", "duration": 75, "status": "active"},
    {"from": "Lanzhou", "to": "Xian", "transport": "train", "depart_time": "2026-01-03 14:00:00", "arrive_time": "2026-01-03 17:00:00", "cost": 175, "number": "G1914", "duration": 180, "status": "active"},
    {"from": "Changsha", "to": "Guangzhou", "transport": "train", "depart_time": "2026-01-03 18:00:00", "arrive_time": "2026-01-03 20:15:00", "cost": 314, "number": "G6001", "duration": 135, "status": "active"},
    {"from": "Zhengzhou", "to": "Beijing", "transport": "train", "depart_time": "2026-01-03 19:00:00", "arrive_time": "2026-01-03 21:30:00", "cost": 310, "number": "G552", "duration": 150, "status": "active"},
    {"from": "Shenyang", "to": "Beijing", "transport": "train", "depart_time": "2026-01-03 17:00:00", "arrive_time": "2026-01-03 20:00:00", "cost": 338, "number": "G902", "duration": 180, "status": "active"},
    {"from": "Hefei", "to": "Shanghai", "transport": "train", "depart_time": "2026-01-03 18:30:00", "arrive_time": "2026-01-03 20:45:00", "cost": 180, "number": "G7224", "duration": 135, "status": "active"},
    {"from": "Xiamen", "to": "Shenzhen", "transport": "train", "depart_time": "2026-01-03 17:30:00", "arrive_time": "2026-01-03 21:00:00", "cost": 230, "number": "D2333", "duration": 210, "status": "active"},
    {"from": "Qingdao", "to": "Beijing", "transport": "train", "depart_time": "2026-01-03 16:45:00", "arrive_time": "2026-01-03 19:55:00", "cost": 320, "number": "G202", "duration": 190, "status": "active"},
    {"from": "Nanjing", "to": "Shanghai", "transport": "train", "depart_time": "2026-01-03 21:00:00", "arrive_time": "2026-01-03 22:15:00", "cost": 140, "number": "G7025", "duration": 75, "status": "active"},
    {"from": "Hangzhou", "to": "Shanghai", "transport": "train", "depart_time": "2026-01-03 20:30:00", "arrive_time": "2026-01-03 21:20:00", "cost": 73, "number": "G7302", "duration": 50, "status": "active"},
    {"from": "Fuzhou", "to": "Shanghai", "transport": "train", "depart_time": "2026-01-03 15:30:00", "arrive_time": "2026-01-03 20:15:00", "cost": 380, "number": "G1636", "duration": 285, "status": "active"},
    {"from": "Lhasa", "to": "Chengdu", "transport": "flight", "depart_time": "2026-01-03 14:00:00", "arrive_time": "2026-01-03 16:15:00", "cost": 1600, "number": "TV9804", "duration": 135, "status": "active"},
    {"from": "Luoyang", "to": "Zhengzhou", "transport": "train", "depart_time": "2026-01-03 12:00:00", "arrive_time": "2026-01-03 12:45:00", "cost": 50, "number": "G6612", "duration": 45, "status": "active"},
    {"from": "Xuzhou", "to": "Jinan", "transport": "train", "depart_time": "2026-01-03 10:30:00", "arrive_time": "2026-01-03 11:45:00", "cost": 110, "number": "G122", "duration": 75, "status": "active"},
    {"from": "Urumqi", "to": "Shanghai", "transport": "flight", "depart_time": "2026-01-03 11:30:00", "arrive_time": "2026-01-03 16:45:00", "cost": 2800, "number": "MU5688", "duration": 315, "status": "active"}
  ]
}